logged_at,fixture_id,league,kickoff,home,away,n_home_starters_matched,n_away_starters_matched,model_p_over25,exp_total_goals,odds_over25,odds_under25
2026-08-23T12:52:28.290505,1552729,F1,2026-08-23T13:00:00+00:00,Angers,Lille,8,10,0.37,2.17,,
2026-08-23T12:52:30.502161,1557373,E0,2026-08-23T13:00:00+00:00,Brighton,Aston Villa,10,10,0.442,2.44,,
2026-08-23T12:52:32.613799,1557374,E0,2026-08-23T13:00:00+00:00,Manchester City,Bournemouth,10,10,0.605,3.13,,
2026-08-23T14:32:28.197773,1570344,SP1,2026-08-23T15:00:00+00:00,Atletico Madrid,Villarreal,10,11,0.56,2.92,,
2026-08-23T17:29:49.583615,1570348,SP1,2026-08-23T17:30:00+00:00,Getafe,Racing Santander,8,11,0.38,2.21,,
2026-08-23T18:35:02.166633,1550088,I1,2026-08-23T18:45:00+00:00,Atalanta,Sassuolo,11,8,0.591,3.06,,
2026-08-23T18:35:06.740329,1552735,F1,2026-08-23T18:45:00+00:00,Rennes,Paris Saint Germain,8,11,0.566,2.95,,
2026-08-23T19:02:23.504805,1570346,SP1,2026-08-23T19:30:00+00:00,Elche,Barcelona,11,10,0.543,2.85,,
2026-08-27T18:14:07.509580,rapid_5868013,SP1,2026-08-27T18:30:00.000Z,Celta Vigo,Osasuna,10,10,0.459,2.51,2.2,1.6,rapidapi,0.421,0.009,-0.134
2026-08-28T18:34:45.655905,1557381,E0,2026-08-28T19:00:00+00:00,Crystal Palace,Manchester City,11,10,0.606,3.14,1.77,2.26,0.561,0.073,-0.111
2026-09-01T12:55:51.207992,1557377,E0,2026-08-31T19:00:00+00:00,Aston Villa,Arsenal,9,11,0.442,2.45,1.75,2.25,0.562,-0.226,0.255
2026-09-01T13:10:29.758862,1557379,E0,2026-08-30T13:00:00+00:00,Chelsea,Brighton,8,8,0.439,2.43,1.7,2.35,0.58,-0.254,0.318
2026-09-01T13:10:32.441277,1557382,E0,2026-08-30T13:00:00+00:00,Leeds,Brentford,11,8,0.552,2.89,2.25,2.0,0.471,0.242,-0.104
2026-09-01T13:10:35.256413,1557385,E0,2026-08-30T13:00:00+00:00,Sunderland,Fulham,10,9,0.36,2.14,2.11,1.84,0.466,-0.241,0.178
2026-09-01T13:11:29.861086,1557384,E0,2026-08-30T15:30:00+00:00,Manchester United,Ipswich,11,9,0.591,3.07,1.6,2.65,0.624,-0.054,0.083
